<?xml version="1.0" encoding="UTF-8" standalone="yes"?>
<addon id="repository.mcpulsarproviders" name="MC Pulsar Providers Repo" version="1.0.0" provider-name="mancuniancol">
	<extension point="xbmc.addon.repository" name="MC Pulsar Providers Repo">
       <info>https://subversion.assembla.com/svn/mc-repo-for-pulsar-providers/trunk/addons.xml</info>
       <checksum>https://subversion.assembla.com/svn/mc-repo-for-pulsar-providers/trunk/addons.xml.md5</checksum>
       <datadir zip="true">https://subversion.assembla.com/svn/mc-repo-for-pulsar-providers/trunk</datadir>	
	</extension>
	<extension point="xbmc.addon.metadata">
		<summary>For easy Pulsar and MC Providers installation</summary>
		<description>MC Providers compilation with Pulsar</description>
		<disclaimer>You need to check if the use of this providers is allowed in your country</disclaimer>
		<platform>all</platform>
	</extension>
</addon>
