﻿<?xml version="1.0" encoding="UTF-8" standalone="yes"?>
<addon id="script.pulsar.cpb" name="Pulsar CPasBien Provider (Sheppy)" version="0.3.0" provider-name="Sheppy">
  <requires>
    <import addon="xbmc.python" version="2.14.0"/>
    <import addon="plugin.video.pulsar" version="0.3"/>
  </requires>
  <extension point="xbmc.python.script" library="main.py">
    <provides>executable</provides>
  </extension>
  <extension point="xbmc.addon.metadata">
    <summary lang="en">Pulsar CPasBien Provider</summary>
    <description lang="en">
      Provides Pulsar sources from the french tracker CPasBien.
    </description>
    <description lang="fr">
      Fournit des sources multimédia pour l'addon Pulsar à partir du tracker français CPasBien.
    </description>
    <language>fr</language>
    <platform>all</platform>
    <website>http://forum.eric-lafontaine.com/</website>
    <disclaimer lang="en">Some parts of the files provides by this addon can be illegal in your country. </disclaimer>
    <disclaimer lang="fr">Le téléchargement de certaines sources obtenues par cette extension peut être illégal dans votre pays selon les lois en vigueur.</disclaimer>
  </extension>
</addon>