<?xml version="1.0" encoding="UTF-8" standalone="yes"?>
<addon id="plugin.video.magnetplayer" name="Magnet Player" version="1.0.1" provider-name="Doc Shadrach">
	<requires>
		<import addon="xbmc.python" version="2.1.0"/>
	</requires>
	<extension point="xbmc.python.pluginsource" library="default.py">
		<provides>video</provides>
	</extension>
	<extension point="xbmc.addon.metadata">
		<summary></summary>
		<description>Reproduce 'Magnet Links' utilizando XBMCtorrent y/o Pulsar.</description>
		<platform>all</platform>
	</extension>
</addon>